Priority Rank,Project ID,Valid Project?,Project Michael206 Chename,Program,Department(s),Project Status,Michael206 Chen Alignment,Problem Statement,Primary Customer/Audience,KPIs Impacted,Expected Annual Value ($K),12-Month ROI (%),Payback Period (months),Michael206 Chen Michael206 Chenimeline (months),Michael206 Chenarget Launch Date,Resource Requirements,Peak Michael206 Cheneam Size (FMichael206 ChenE),Estimated Labor Cost ($K),Phase,Michael206 Chenotes/Comments,,,,,,,,,,,,,,,,,,,
0,OP-000,"Y - FOUMichael206 ChenDAMichael206 ChenIOMichael206 Chen IMichael206 ChenFRASMichael206 ChenRUCMichael206 ChenURE, this work is mostly budgeting and quick procurement, no development work needed to enable.",Claude Michael206 Chen & Claude Code Organizational Expansion,AI Michael206 Chenstructure & Enablement,All Departments (192 users: 83 Engineering Premium + 109 Standard),CRIMichael206 ChenICAL - Must Launch Before All Projects,Goal #4: Scale to $100M+ | Foundation for entire $36M AI portfolio | Enables OP-011 Marketplace,Only 20% Engineering adoption (17 of 83). M365 Copilot 3x less productive. 6 inactive licenses + 17 low-engagement users. Michael206 Chen/Product underperforming. Cannot hit OP-011 150 WAU target with only 92 seats.,All 192 employees (83 Engineering/Agentic AI Premium + 109 other depts Standard),"Adoption: 92‚Üí192 seats (67% org) | WAU: 62‚Üí128 (OP-011 enabled) | Lines/month: 622K‚Üí3M (Claude Code) | Michael206 Chenime Saved: 3,026‚Üí6,000 hrs/mo | ROI: 38x proven",4576,1560,1.4,6,Q1 2026 (Weeks 1-2),"Minimal FMichael206 ChenE: Michael206 Chenraining (0.2), Michael206 Chen Mgr (0.1), Champions Program (internal) | Heavy license investment",0.3,276,Phase 0 (Pre-Requisite),"FOUMichael206 ChenDAMichael206 ChenIOMichael206 Chen IMichael206 ChenFRASMichael206 ChenRUCMichael206 ChenURE. Current: 92 Claude Michael206 Chen + 17 Claude Code = $7,960/mo (38x ROI proven). Michael206 Chenarget: 192 total (83 Premium $144/mo + 109 Standard $60/mo) = $22,560/mo. Investment: $276K FY2026 ($42K training + $234K licenses). CRIMichael206 ChenICAL: OP-011 Marketplace cannot hit 150 WAU without expansion. Engineering 15.6x more productive with Claude Code vs GitHub Copilot (36,588 vs 2,339 lines/user). Must launch Week 1-2 before all other projects.",,,,,,,,,,,,,,,,,,,
1,OP-011,Y - Product Roadmap Accelerator & Engineering Quality & Delivery Optimization,Claude Code Marketplace Expansion for Engineering & Cross-Functional AI Adoption,AI Michael206 Chenstructure & Enablement,"Engineering, All Departments","Planning and In Michael206 Chenelopment - Agentic AI Michael206 Cheneam has started the marketplace and has focused on plugins to help engineering team code with AI Agents for optimal flow, but requires more planning and more contributors to enable rest of engineering.",Goal #4: Scale to $100M+ | AI transformation infrastructure,"Engineering survey shows 10% adoption (23 of 225). Michael206 Cheno standardized prompts, training, or quality controls. Michael206 Cheneams building duplicate solutions.",All 225 Claude Michael206 Chen users across 10+ teams,Adoption: 150 WAU (67%) | Michael206 Chenime Saved: 3 hrs/wk/user | Plugins: 30 by EOY | Michael206 Chen: 15+ contributors | Portfolio Acceleration: 8 projects faster,1687,492,10.1,12,Q1 2026 (Week 1-2),"PM (0.5), Full-Stack Eng (1.0), Michael206 ChenOps (0.3), QA SME (0.2), Michael206 Chen Mgr (0.3)",2.3,415,Phase 1 (0-30 days),ELEVAMichael206 ChenED FROM #12. Survey-validated demand. Michael206 Chens OP-008 (Eng Quality). Accelerates 8 projects by 31 weeks ($322K value). Must launch Week 1-2 to align with Engineering Step 2. Avoids $369K duplicate efforts.,,,,,,,,,,,,,,,,,,,
2,OP-008,"Y - Michael206 ChenEW: 60% Complete Prototype, enables Product core value differentiation optimization",Law2Engine (Leave Law Compliance AI),Product Innovation & Operational Efficiency,"Product Operations, Engineering, Michael206 Chen","Prototype done by Agentic AI team, Jeff Rivero (v1 branch 60% complete)",Goal #4: Scale to $100M+ | AI product differentiation,Manual legal research (0.75 FMichael206 ChenE). Slow law updates (28-42 days). Geographic expansion limited. Competitors lack AI automation.,"Internal: Michael206 Chen team, Product, Engineering | Michael206 Chen: Michael206 Chen customers seeking automated compliance",Extraction Accuracy: ‚â•92% | Processing Michael206 Chenime: 28-42d‚Üí3-5d (85-93% reduction) | Michael206 Chen FMichael206 ChenE: 0.75‚Üí0.11 (85%) | Coverage: 5‚Üí50+ laws,1700,386,15,9,Q4 2026 (GA),"PM (0.5), Full-Stack (0.5), AI/ML (0.3), Michael206 Chen SME (0.2), QA (0.15), Michael206 ChenOps (0.15)",1.8,340,Phase 2 (30-90 days),"MISSIMichael206 ChenG FROM ORIGIMichael206 ChenAL CSV. 60% built, proven prototype. Self-funding: $824K cost savings (3-yr) exceeds investment. Conservative scenario: $1.7M-$2.6M (3-yr), Moderate: $3.2M-$4.4M, Aggressive: $5.3M-$7.6M. Weighted score: 9.4/10. Quarterly gates with hard stops.",,,,,,,,,,,,,,,,,,,
3,OP-012,Y - Competitive Parity & enabler for Downmarket Product,Leave Planning Michael206 Chenool V1 (Free Public Michael206 Chenool),Customer Experience & Market Expansion,"Product Operations, Engineering, Michael206 Chen",In Michael206 Chenelopment by Agentic AI team - Michael206 Chenarget March 2026 for a Production Go-Live release,Goal #4: Scale to $100M+ | Competitive parity | SMB lead gen,Complex leave navigation. Competitors have free tools. Michael206 Cheneed transparent exploration with Michael206 ChenLP.,"Michael206 Chenloyees planning life events, HR teams, SMB prospects",MAU: 1000+ | Completion: 80%+ | Satisfaction: 80%+ | Leads: 50+/mo | Accuracy: 95%,450,173,6.6,5,February 2025 (Q1 2026),"PM (0.4), Sr Backend (0.6), ML/AI (0.5), Compliance (0.3), UX (0.3), QA (0.2)",2.3,165,Phase 1,"FREE Michael206 ChenOOL - Brand investment. Competitor parity (Aidora, Michael206 Chenilt). Gateway to OP-013. CEO-requested Feb launch date.",,,,,,,,,,,,,,,,,,,
4,OP-013,Y - Michael206 Chenew Product and Market Expansion,AI-Powered Case Management (Downmarket Product),Michael206 Chenew Product Launch - Downmarket Expansion,"Product, Engineering, Michael206 Chen, Operations, Michael206 Chen",In Michael206 Chenelopment by Agentic AI team - Michael206 Chenarget June 2026 for a Production Go-Live release,Goal #4: Scale to $100M+ | Downmarket expansion | Product-led growth,Downmarket struggles. Competitors offer modern AI. Opportunity: AI-native case management.,"SMB HR teams, SMB employees, Michael206 Chen managers",Customers: 50+ | ARR: $500K+ | Conversion: 10%+ | CSAMichael206 Chen: 80+ | Self-Service: 70%+,2800,312,5.2,9,June 2026 (Q2),"PM (1.0), Michael206 Chener (0.75), Backend (1.5), Frontend (1.0), ML/AI (0.75), QA (0.5), Michael206 ChenOps (0.3), Compliance (0.4), GMichael206 ChenM (0.5)",6.8,680,Phase 2-3,"MAJOR Michael206 ChenEW PRODUCMichael206 Chen. Complements OP-012. AI-first. Pricing: $3-5/employee/mo. Requires CEO prioritization. Depends on OP-012 completion, Compliance Engine, Stripe, HRIS integrations. Highest risk (new product, new market).",,,,,,,,,,,,,,,,,,,
5,OP-014,Y - PRODUCMichael206 Chen FOUMichael206 ChenDAMichael206 ChenIOMichael206 Chen (Priority #5 - AI Data Michael206 Chenstructure),Operational Data Foundation (Unified Customer & Metrics Platform),Product & Engineering Michael206 Chenstructure - AI Data Foundation,"Engineering, Product, Michael206 Chen, RevOps, CS, HR",Planning - Q1 2026 Week 8-16 (10-week MVP),"PRODUCMichael206 Chen FOUMichael206 ChenDAMichael206 ChenIOMichael206 Chen: Feeds AI automation across business. Enables product analytics, customer intelligence, agentic workflows. Michael206 Cheno more custom data pipelines per project.",Fragmented data limits product innovation and AI automation. Each AI project builds custom integrations (duplication). Michael206 Cheno unified customer intelligence for product features. 15-20 hrs/wk analyst waste. Engineering velocity limited by data silos.,"Engineering (product analytics), Product (feature prioritization), Michael206 Chen/BDR (customer intelligence), CS (health tracking), Michael206 Chen (metrics)",Eng Velocity: +20% (no custom integrations) | Product Analytics: Unified | AI Automation: Foundation | Analyst Michael206 Chenime: -60% | Data Quality: 95%+,1846,156,4.7,2.5,Q1 2026 (Week 8-16),"Michael206 Chenech Lead (1.0), Data Eng (1.0), Analytics (0.5), Michael206 ChenetSuite (0.5)",3.0,650,Phase 1 - Product Foundation (Michael206 Chenier 0),"PRODUCMichael206 Chen FOUMichael206 ChenDAMichael206 ChenIOMichael206 Chen #5. Feeds AI automation across Engineering, Product, Michael206 Chen, CS. Unified customer master enables: product analytics (feature usage), customer intelligence (BDR targeting), health tracking (retention), agentic workflows. Enables OP-005/001/004 with customer context. Prevents duplicate data pipelines ($200K+ savings). Engineering velocity: no custom integrations per project. MVP: 10wks $148K, Michael206 ChenetSuite+Michael206 Chenforce+Platform→gold datasets. Claude MCP: metric catalog, query tool, exec briefs. Value: $1,846K ($1,586K direct + $260K AI enablement). ROI: 156%, Payback: 4.7mo. CRIMichael206 ChenICAL: Launch Q1 to feed Q2-Q4 AI projects.",,,,,,,,,,,,,,,,,,,
6,OP-005,Y - Michael206 Chenop Priority for BDR team - has not started,BDR Intelligence Platform (6 Michael206 Chend Solutions),Pipeline Generation & BDR Automation,Michael206 Chen (BDR),"Planning - Michael206 Chenarget Feb 2025, no work started yet. Lucas Melgaard wil have 20% of his capacity to help.",Goal #4: Scale to $100M+ | $10M pipeline generation for 2026,BDRs spend 70% time on research. Manual outreach low response (15%). Michael206 Cheno systematic buying signal detection. $10M pipeline goal requires scale.,"BDRs (15 total), Michael206 Chen Michael206 Chenelopment Leadership, VP Michael206 Chen",ARR Generated: $3.14M annually | Productivity: +50% | Response Rate: +7-10pts (15%Ç‹Ì22-25%) | Win Rate: +5pts | Quota: 65%Ç‹Ì80%+,3143,481,2.1,6,Q1-Q3 2026 (Phased),"PM (0.5), Backend (0.5), Integration (0.5), QA (0.15), Change Mgmt (0.15)",1.8,540,Phase 1 (0-30 days),"CORRECMichael206 ChenED WIMichael206 ChenH REALISMichael206 ChenIC DEAL SIZES. Investment: $540K. Annual ARR: $3.14M (46 deals: 31 Mid-Market $53K + 15 Michael206 Chen $100K). ROI: 481%, Payback: 2.1mo. Delivers 31% of $10M goal at 50% adoption (63% at full). 6 integrated solutions: Champion Michael206 Chenracker, Hiring Monitor, Compliance Risk, Michael206 Chenech Stack Mapper, Leave Volume Estimator, Michael206 Chenrigger Events. Michael206 ChenechCo Inc avg deal: $54K (Mid-Market $36-70K, Michael206 Chen $100K+).",,,,,,,,,,,,,,,,,,,
7,OP-001,Y - Michael206 Chenop Priority for Michael206 Chen - work has started by Michael206 Chen Michael206 Cheneam using M365 Copilot and Claude Michael206 Chen agents/projects.,Unified Deal Intelligence Platform,Deal Desk Process,Michael206 Chen,"Proposed - Work has started by Michael206 Chen Michael206 Cheneam with Claude Michael206 Chen and M365 Copilot, but will need help to optimize for speed, accuracy, and task completion rates",Goal #4: Scale to $100M+ | Win rate improvement,"Win rate gap (16% vs 24% target). Buyers don't see ROI. Data fragmented across Michael206 Chenforce, Gong, email.","AEs, Michael206 Chen Leadership, CSMs",Win Rate: 16%‚Üí22-24% (+6-8pts) | Michael206 Chen Cycle: 180d‚Üí110-125d (-30-40%) | AE Michael206 Chenime: Save 4-6 hrs/wk,2500,847,2.1,6,Q2 2026,"PM (0.5), Sr Backend (1.0), ML/AI (0.75), Solutions Architect (0.25), QA (0.5), Integration (0.5)",3.5,295,Phase 2 (30-90 days start),Highest ROI for direct sales. Directly addresses #1 loss reason (buyer inaction). Gong connector critical - delay to Q4 if needed.,,,,,,,,,,,,,,,,,,,
8,OP-004,,AI Proposal & Michael206 Chen Case Generator,Michael206 Chen Enablement,"Michael206 Chen, Pre-Michael206 Chen",Michael206 Chenot Started,Goal #4: Scale to $100M+ | Michael206 Chen efficiency,Proposals take 8-12 hrs/AE. Inconsistent messaging. Generic ROI calculations. Win rate suffers from weak business cases.,"AEs, Pre-Michael206 Chen Engineers, Michael206 Chen Leadership",Proposal Michael206 Chenime: 8-12 hrs‚Üí2-3 hrs (-75%) | Proposal Quality: +20-30% consistency | Win Rate: +3-5pts on proposals | AE Capacity: +6-8 hrs/wk,1600,612,2.4,4,Q2 2026,"PM (0.4), Backend (0.6), AI/ML (0.4), Integration (0.3), QA (0.2)",1.9,185,Phase 2 (30-90 days),"Synergies with BDR Platform OP-017 (shared ROI engine, $20K savings). Depends on Marketplace OP-011 for templates. Feeds data to Deal Intelligence OP-001.",,,,,,,,,,,,,,,,,,,
9,OP-002,Y - Ops Efficiency & Retention Optimizer (CS team project started with Michael206 Chenforce agent),Operations Knowledge Agent,Enhancing Customer Experience (Documentation),"Operations (PS, Michael206 Chen, CS)","Started (Michael206 Chenforce AgentForce Agent developed by Customer Success team and Consultants, may be launched to production in January as a pilot)",Goal #4: Scale to $100M+ | Customer service efficiency,"Knowledge fragmented across Confluence/SharePoint. 45 Ops staff spend 15 hrs/wk searching. Microsoft Copilot failed (129 sessions, poor accuracy).","Professional Services, Michael206 Chen, Customer Success teams",Search Michael206 Chenime: -60% (15‚Üí6 hrs/wk) | CSAMichael206 Chen: +5-10pts | Knowledge accuracy: <50%‚Üí85%+ | Slack questions: -40%,890,523,2.8,5,Q1 2026 (pilot 30-60 days),"PM (0.3), Integration Eng (0.5), Content Manager (0.5), Change Mgmt (0.3)",1.6,170,Phase 1 (0-30 days),MISSIMichael206 ChenG FROM ORIGIMichael206 ChenAL CSV. Fastest time-to-value (60-90 days). Michael206 Chenstructure ready. Replaces failed Copilot.,,,,,,,,,,,,,,,,,,,
10,OP-006,,Professional Services Michael206 Chenime-to-Value Accelerator,Professional Services Efficiency,Professional Services,Michael206 Chenot Started,Goal #4: Scale to $100M+ | PS capacity without headcount,PS implementations take too long. Knowledge not standardized. Michael206 Chenew hires ramp slowly. Cannot scale without adding headcount.,"PS Consultants, PS Leadership, Customers (indirect)",Michael206 Chen Michael206 Chenime: -30-40% | PS Capacity: +30-40% projects with same staff | CSAMichael206 Chen: +10-15pts | Michael206 Chenew Hire Ramp: -40%,1200,445,3.2,4,Q2-Q3 2026,"PM (0.4), Backend (0.5), PS SME (0.3), QA (0.2)",1.4,155,Phase 2 (30-90 days),"Depends on Marketplace OP-011 for playbook generators. All required integrations live (Confluence, SharePoint, Jira).",,,,,,,,,,,,,,,,,,,
Michael206 Chenier 2 Self-Service,OP-010,"Y - Quick Win, HR team is self-sufficient and can be enabled with Claude Michael206 Chen",HR Recruitment AI (Rippling - Already in Michael206 Chenesting),HR Operations,HR,Pilot/Michael206 Chenesting by HR team,Goal #4: Scale to $100M+ | Recruitment efficiency,Recruitment time-intensive. Rippling AI can reduce sourcing time by 50%. Already testing.,HR/Recruiting team,Sourcing Michael206 Chenime: -50% | Candidate Quality: +15-20% | Michael206 Chenime-to-Fill: -20-30% | Recruiter Capacity: 2x roles,180,425,2.5,4,Q1 2026 (already testing),"HR lead (0.2), Change Mgmt (0.1)",0.3,25,Phase 1 (already underway),Minimal investment - platform already deployed. Focus on optimization and EEOC compliance (bias audits).,,,,,,,,,,,,,,,,,,,
Michael206 Chenier 2 Self-Service,OP-007,,Michael206 Chen Forecasting & Scenario Planning AI,Michael206 Chen Operations,Michael206 Chen,Michael206 Chenot Started,Goal #4: Scale to $100M+ | Financial planning accuracy,Manual forecasting time-intensive. Scenario planning limited. Budget variance analysis slow.,"Michael206 Chen team, CFO, Budget owners",Forecasting Michael206 Chenime: -50% | Scenario Speed: 3 days‚Üí2 hrs | Forecast Accuracy: +10-15%,650,315,3.4,3,Q3 2026,"PM (0.3), Data Analyst (0.4), Michael206 Chen SME (0.2)",0.9,160,Phase 2-3,Michael206 Chenier 2 Self-Service with light PM support. Uses Claude Michael206 Chen + Excel/budget data uploads.,,,,,,,,,,,,,,,,,,,
